km_since_last_service,avg_speed_kmph,engine_oil_km,brake_pad_thickness_mm,clutch_pad_thickness_mm,driving_style,needs_service
13349,85,3114,8.74,4.07,0,1
235,95,11668,2.39,9.37,0,1
12172,74,6234,3.4,7.62,0,1
5192,75,690,1.78,6.95,1,1
905,57,8194,7.25,4.18,1,1
10955,45,9065,3.47,7.57,0,1
7813,77,5724,5.02,4.06,1,0
2895,63,9575,2.68,8.53,0,1
5056,90,10440,4.71,2.09,1,1
144,82,948,5.11,3.33,0,1
4225,77,7177,5.52,6.46,0,1
7751,44,4449,5.09,7.7,0,0
10989,89,2059,2.37,5.94,0,1
14844,67,3170,8.07,9.02,1,1
3462,72,6440,2.67,9.81,0,1
9394,46,4059,5.11,5.71,1,1
5396,26,2892,3.81,8.14,1,0
5374,63,9303,4.06,5.96,1,1
12645,37,5611,7.22,7.32,1,1
2962,43,189,5.9,3.8,0,0
2516,64,5480,3.12,2.88,0,1
8444,40,6786,5.49,9.83,1,1
3562,62,7574,4.39,8.52,0,1
4764,61,2898,7.49,4.28,0,0
8093,26,7389,3.42,6.69,1,1
6542,57,10985,8.68,5.04,1,1
562,55,2786,5.97,3.41,1,1
10820,32,5423,5.76,5.35,1,1
8151,75,2170,3.66,4.38,0,1
3049,75,8031,3.08,2.13,0,1
753,57,7650,5.51,5.1,0,1
9719,68,80,9.85,9.37,0,1
11742,66,375,2.63,8.63,1,1
1888,94,4735,3.91,6.59,1,0
1110,26,10097,8.31,4.55,1,1
6285,76,9599,7.15,3.85,0,1
6121,55,11905,3.87,9.65,0,1
1031,74,11595,4.17,6.52,0,1
4415,96,6145,5.07,3.74,0,0
2877,46,7644,6.62,4.0,1,1
3606,43,8817,7.61,9.68,0,1
9529,71,2368,8.79,3.91,1,1
2561,69,5093,7.29,2.85,1,1
14208,34,6862,3.51,3.47,0,1
12604,29,6334,9.37,8.13,1,1
14545,88,76,8.14,7.67,1,1
13576,48,5168,4.11,5.5,0,1
8920,84,4132,4.09,8.35,0,1
6771,89,7729,8.99,6.14,0,1
431,56,2830,2.57,5.31,1,1
4074,26,585,6.88,2.94,0,1
12921,93,371,3.86,9.07,1,1
14792,79,1952,8.53,4.2,1,1
542,50,11335,4.6,6.93,0,1
9287,52,1920,7.73,9.88,0,1
13699,81,7960,3.14,3.52,1,1
1478,33,10661,5.59,9.72,0,1
11825,80,9908,8.33,7.22,1,1
1337,71,9308,4.87,3.03,0,1
12803,74,7642,2.87,8.18,1,1
7108,36,2662,7.02,9.61,0,0
11032,33,7431,7.9,6.5,0,1
8689,86,9378,3.88,7.51,0,1
1612,99,319,5.34,2.21,1,1
3098,48,9538,9.15,9.91,0,1
1844,30,11005,8.91,4.55,1,1
9552,67,7309,7.51,2.19,0,1
2669,71,11202,6.52,8.47,1,1
13171,46,640,8.45,9.79,1,1
13609,76,1058,9.21,7.9,1,1
11730,98,198,1.52,2.02,1,1
15,67,9893,4.88,2.51,0,1
11328,38,3345,6.27,6.67,1,1
2244,43,7334,7.74,4.69,0,1
12313,48,1663,2.24,9.05,0,1
11631,70,6738,4.9,8.99,0,1
7906,77,4110,3.88,9.9,0,0
13783,58,8576,5.1,7.73,0,1
10119,79,11003,5.73,9.02,1,1
1306,39,7913,7.11,4.56,0,1
9832,82,2737,5.72,2.89,1,1
1046,86,6861,6.77,8.92,0,0
14089,65,4707,6.45,4.43,0,1
3047,97,5791,5.14,5.35,1,0
1150,90,6585,1.54,7.17,1,1
9495,47,7804,3.15,6.84,0,1
11645,27,2380,4.22,5.37,1,1
3428,26,5404,2.75,5.09,1,1
155,97,972,6.59,2.98,1,1
4409,76,10549,6.7,6.27,0,1
10835,96,6842,5.75,3.86,0,1
11430,87,2782,4.23,8.04,1,1
648,73,2317,7.05,7.4,1,0
9504,25,1001,3.12,2.58,0,1
7586,67,6747,1.55,9.91,0,1
12042,64,493,7.75,8.24,1,1
1679,28,11387,5.27,3.82,1,1
10991,82,7227,7.43,2.25,0,1
7255,68,10614,3.07,5.83,0,1
7961,78,11255,2.03,4.82,1,1
4039,68,3902,4.71,6.37,0,0
243,99,1469,7.42,7.28,0,0
1372,84,807,2.37,8.38,0,1
14922,91,8519,3.16,2.11,1,1
1214,99,8066,5.36,7.71,1,1
7470,30,6585,6.78,4.36,0,0
5024,51,5920,7.88,9.89,1,0
5848,92,3742,2.43,8.77,1,1
5271,56,6068,6.81,6.48,1,0
4791,36,11892,4.79,6.78,0,1
9537,28,4955,7.2,3.54,1,1
13681,79,3241,3.23,3.81,1,1
10061,26,1486,5.99,3.23,1,1
9987,38,10868,2.96,5.02,0,1
2944,84,173,1.66,2.9,0,1
5373,81,3825,5.64,6.09,0,0
461,33,3413,3.07,7.11,0,0
1798,63,2329,6.93,2.98,0,1
12852,29,1226,6.06,4.75,0,1
4565,95,7302,8.09,2.56,1,1
1478,98,2306,4.84,6.21,1,0
13826,30,30,9.91,7.2,1,1
13900,84,10317,5.88,6.92,1,1
4059,56,10075,5.57,8.51,1,1
14485,32,9056,7.87,3.88,1,1
715,91,1834,6.37,6.95,1,0
6407,57,6418,4.58,4.42,1,0
6221,71,2771,5.66,2.71,0,1
2760,69,3033,3.11,4.44,1,0
5195,89,3800,4.85,2.57,1,1
7500,62,1464,1.75,9.67,1,1
1067,72,1706,5.43,7.82,1,0
12820,98,8068,3.83,2.81,1,1
7710,40,11800,5.98,8.29,1,1
9764,90,7830,1.75,4.82,0,1
13159,77,1908,6.22,9.29,1,1
9991,94,7558,3.99,5.96,1,1
3885,91,2511,6.41,8.98,0,0
13252,53,156,7.73,3.76,1,1
6713,44,2798,5.24,4.94,0,0
12016,42,6165,7.14,4.93,0,1
7676,30,4251,3.53,2.78,1,1
14546,35,2693,9.99,4.65,1,1
96,54,9635,3.56,7.28,1,1
269,42,4808,9.5,5.73,0,0
11274,71,7762,3.35,9.03,0,1
6423,32,8240,5.73,4.16,1,1
10119,42,9452,8.48,4.84,0,1
889,86,5605,7.59,4.56,0,0
152,89,7932,7.5,6.41,1,1
9930,32,8542,5.24,3.51,1,1
10656,54,1048,7.91,3.39,1,1
3212,80,9676,9.32,9.52,0,1
8798,53,8298,5.25,5.01,0,1
7740,68,1192,5.99,6.7,1,0
489,80,2283,2.06,2.44,1,1
152,30,8661,4.82,3.13,1,1
3410,75,4508,5.47,2.77,0,1
4979,88,1199,9.11,8.5,0,0
13153,77,5628,2.44,2.83,1,1
2178,59,2260,7.71,6.13,1,0
9948,62,8025,6.14,3.24,1,1
14951,79,1957,6.66,4.23,0,1
14178,29,1285,1.75,9.06,0,1
12554,68,11504,2.75,7.05,0,1
7862,36,23,3.91,9.71,0,0
5984,54,369,1.54,6.8,0,1
14825,57,708,7.19,2.08,0,1
10066,75,148,8.9,5.33,1,1
2518,76,653,6.15,2.18,0,1
3270,67,1464,6.12,4.51,1,0
8519,48,1053,6.73,5.85,1,1
10416,68,5490,4.07,6.6,0,1
13878,53,2716,4.62,3.91,0,1
7183,89,4338,6.39,6.47,0,0
13713,83,3547,8.38,5.16,0,1
10410,76,182,3.21,6.05,0,1
20,47,1948,4.28,3.57,1,0
6774,35,743,7.81,3.25,0,1
1968,56,10063,4.4,8.04,0,1
6422,34,10852,1.9,4.64,0,1
6629,31,5040,2.83,7.15,0,1
3981,55,3124,3.15,6.52,0,0
2033,92,6236,5.71,9.2,0,0
10866,43,2396,6.9,9.05,0,1
609,37,6752,8.98,5.54,0,0
5813,98,6250,9.17,3.64,0,0
1876,99,2789,4.11,7.06,0,0
3082,90,3129,7.9,7.09,1,0
7264,78,4574,3.9,7.54,1,0
183,67,1575,4.63,9.26,0,0
6461,31,11098,3.99,8.26,0,1
3640,34,590,5.02,7.0,0,0
7897,61,3133,3.33,6.81,0,0
8597,84,6250,4.21,3.7,0,1
3303,33,7481,2.54,7.21,1,1
7264,78,1157,9.69,8.52,1,0
505,43,4047,5.78,9.38,1,0
8147,46,2170,9.35,9.33,0,1
5145,92,5925,7.84,6.49,1,0
5617,39,8847,5.39,4.08,1,1
5006,45,4927,7.91,4.67,1,0
2189,34,7431,6.84,9.98,0,1
11476,67,6274,4.08,6.2,0,1
7796,91,10926,5.93,8.53,1,1
9003,45,9803,7.55,6.78,1,1
3718,41,692,4.1,6.06,1,0
1741,83,578,1.61,4.79,1,1
696,67,409,3.78,6.3,1,0
1979,60,2020,8.27,2.05,0,1
5656,53,2288,9.4,9.01,1,0
13307,59,9199,6.82,6.49,1,1
8642,69,6019,2.63,2.19,1,1
14535,33,11127,7.94,8.55,1,1
12085,55,3412,5.98,3.08,0,1
7493,89,8566,7.91,2.25,1,1
2468,43,9920,8.8,5.7,1,1
869,63,3200,9.55,9.69,1,0
2808,36,6196,7.06,2.75,0,1
6165,81,9041,8.76,2.52,0,1
11560,77,5038,7.81,9.04,1,1
12365,93,11732,7.68,8.57,1,1
2267,50,8593,8.8,8.56,0,1
2737,94,3638,9.35,5.74,1,0
10609,56,7807,9.17,5.42,1,1
5423,84,2211,4.86,5.21,0,0
1485,87,1870,2.21,6.66,0,1
5582,54,11068,8.55,7.83,0,1
5677,91,8804,6.08,8.27,0,1
10071,57,6250,6.11,7.24,1,1
4752,96,742,8.51,6.5,0,0
12188,85,193,1.77,5.3,1,1
5354,97,9100,8.96,4.56,0,1
4547,52,2152,1.79,4.29,0,1
9076,93,3930,7.39,4.37,1,1
11586,63,2891,6.49,7.46,0,1
11566,85,7013,6.95,8.1,0,1
14720,34,4279,4.68,6.78,1,1
4509,92,1605,3.84,3.78,1,0
12351,88,514,5.83,3.56,1,1
843,45,11840,9.03,8.13,0,1
13859,60,760,6.3,9.83,1,1
13237,80,8418,7.14,2.13,0,1
14813,53,5719,5.25,3.99,0,1
12833,70,2163,9.76,8.34,0,1
10882,81,782,7.81,7.75,0,1
5588,76,4085,4.52,3.97,0,0
13907,29,5872,7.06,6.44,1,1
5168,56,3542,6.11,6.68,1,0
7456,77,4384,9.01,7.77,1,0
8445,63,2504,3.84,5.71,1,1
668,99,6897,2.42,5.24,1,1
14391,95,7891,3.13,4.46,0,1
1311,51,4756,4.79,3.91,1,0
1052,82,10136,8.76,2.74,0,1
12510,55,10951,3.8,7.17,0,1
7498,89,6299,6.82,7.36,0,0
13448,63,7845,6.8,7.5,1,1
109,43,6879,4.97,2.03,0,1
5731,66,3429,1.93,5.51,0,1
11784,82,5942,7.83,2.98,0,1
5716,73,4832,4.01,6.21,1,0
12850,67,8437,4.89,9.84,0,1
591,77,9673,4.71,5.99,0,1
7337,47,11886,7.14,5.0,0,1
832,89,8258,2.23,8.51,1,1
7788,95,3070,6.17,9.75,0,0
5331,86,8144,1.63,4.3,0,1
10264,85,10214,9.86,8.42,1,1
9329,52,3294,6.59,9.97,0,1
11242,25,877,4.76,2.89,1,1
6932,51,178,2.75,6.25,1,1
2092,75,11632,7.42,8.51,0,1
9487,45,8706,9.2,5.01,1,1
1694,51,6745,4.2,5.57,1,0
8667,90,7712,8.02,8.01,0,1
11150,43,8021,3.94,2.79,1,1
13811,85,1188,9.64,4.88,0,1
7955,84,3138,7.47,6.51,0,0
5371,87,6393,6.81,3.91,1,0
10906,63,1353,9.41,8.72,0,1
10475,48,523,3.79,8.13,1,1
12374,93,6563,9.35,9.72,1,1
8583,94,9642,7.26,6.18,1,1
1455,86,935,8.06,2.85,1,1
878,91,1588,6.36,9.49,0,0
10684,44,7795,8.59,8.67,1,1
3827,61,9949,7.44,6.36,0,1
12578,42,4308,2.75,8.69,0,1
4196,46,11515,6.71,9.05,0,1
10980,51,969,3.87,8.21,1,1
10016,57,8839,9.28,6.57,0,1
6035,33,11188,3.18,6.92,0,1
2499,33,9401,3.93,8.76,1,1
11987,45,7257,1.91,6.98,0,1
10469,93,2960,5.3,3.65,1,1
5726,79,11164,6.24,7.53,0,1
14502,99,1965,6.38,6.26,1,1
12975,48,2386,9.2,4.11,0,1
7399,38,3025,4.45,2.01,0,1
13189,36,6644,5.3,3.88,0,1
10319,67,124,8.74,7.39,0,1
9303,35,9156,6.4,9.03,0,1
10656,49,3651,7.06,8.65,0,1
1834,72,8125,3.87,2.86,1,1
13002,93,4201,5.64,2.57,0,1
12994,68,339,6.78,8.09,1,1
11992,38,7621,2.63,4.28,1,1
9954,31,5030,1.78,4.17,0,1
11934,27,8394,2.46,2.02,0,1
14993,92,9996,5.56,2.79,0,1
12612,29,4457,1.7,3.08,1,1
6976,53,6050,6.82,3.27,1,1
3572,60,5843,2.33,5.56,0,1
6350,71,7907,3.63,8.51,0,1
8337,31,2466,5.13,8.5,0,1
1191,45,11286,2.48,9.28,1,1
1187,48,10201,3.8,5.55,0,1
4561,88,10583,1.68,7.67,1,1
5788,96,11750,9.87,5.91,1,1
5782,31,8651,6.7,2.4,0,1
14118,46,2125,4.72,2.64,1,1
10921,89,3494,1.73,3.97,1,1
6602,75,4043,4.81,9.85,0,0
14029,34,11797,5.35,7.54,0,1
9542,92,8335,9.41,4.14,0,1
5785,58,2244,3.87,7.65,1,0
3302,96,9426,6.73,7.29,1,1
2288,33,7947,7.15,2.35,1,1
13360,76,491,3.08,4.89,0,1
690,58,6308,5.8,8.19,1,0
6078,86,27,8.19,2.63,0,1
9516,32,10892,2.32,9.08,1,1
8809,84,8321,6.65,9.45,0,1
10422,66,10431,1.72,8.82,1,1
7424,52,3546,1.56,2.94,1,1
13654,76,3430,2.01,6.52,1,1
1527,65,7055,5.59,7.66,0,1
2832,96,2035,9.37,9.1,0,0
14089,70,9470,4.95,2.77,0,1
4720,34,9936,2.14,8.53,1,1
10972,71,1659,8.82,4.22,0,1
5171,83,2715,5.91,6.74,0,0
4975,46,8327,4.21,7.76,1,1
14474,79,1294,9.69,8.22,1,1
2171,25,5963,9.48,4.36,1,0
4420,44,10764,3.71,6.86,1,1
13719,44,4863,3.21,4.3,1,1
11534,52,2409,6.51,9.99,0,1
7871,46,6932,8.66,8.52,1,0
3605,43,2725,4.36,5.31,1,0
14510,92,9790,6.48,9.03,1,1
3452,60,5314,2.88,7.86,1,1
5251,54,7585,3.15,9.43,0,1
14776,47,10041,7.97,3.37,1,1
10072,81,10186,2.78,4.36,1,1
12206,35,5320,3.76,2.75,1,1
12854,67,5381,7.36,4.54,0,1
6727,97,4734,1.63,5.05,0,1
10766,56,10367,1.77,7.06,0,1
4813,37,7680,3.94,5.77,0,1
143,32,5378,4.36,7.74,1,0
11673,33,5865,4.58,4.15,1,1
14133,86,9860,8.36,3.38,0,1
11988,48,10221,1.81,5.03,0,1
4601,59,4160,4.55,5.5,1,0
3002,28,441,6.93,5.38,0,0
7125,80,4131,2.72,9.31,0,1
8818,93,10654,8.79,4.16,0,1
5870,40,132,6.99,4.82,0,0
6045,49,6524,2.48,3.72,1,1
1580,87,3403,3.27,4.98,1,0
11301,51,11856,7.84,5.12,0,1
8342,72,10164,4.93,6.6,0,1
14811,60,5105,5.62,4.23,1,1
2486,41,10750,9.04,4.08,0,1
7500,82,1846,2.67,7.75,1,1
12812,49,992,9.7,9.28,0,1
4472,80,3959,1.86,2.98,0,1
8090,74,9344,2.35,3.46,0,1
1996,77,1339,3.4,3.06,1,1
7111,49,2238,8.36,7.47,0,0
4823,40,257,5.37,3.71,0,0
8615,92,6979,7.05,6.84,1,1
8829,98,7791,2.98,3.61,1,1
3115,71,2172,2.92,8.54,1,1
5580,45,2299,5.93,4.53,1,0
4978,91,937,7.79,7.36,0,0
8998,37,1068,5.43,3.19,1,1
9819,50,113,8.89,4.45,1,1
624,25,737,7.11,4.38,0,0
11517,36,8582,3.62,7.08,1,1
9029,49,4055,3.5,7.45,0,1
5858,79,4024,4.68,8.76,1,0
10657,72,11761,7.93,3.47,0,1
2219,65,6961,9.47,8.08,1,0
13722,84,2607,8.83,7.7,0,1
12984,56,7496,3.72,6.46,1,1
11205,81,9275,5.0,7.2,1,1
7753,58,7261,6.7,2.72,1,1
5428,63,2642,6.15,3.18,0,1
601,45,336,4.81,5.32,1,0
4635,39,1778,2.36,7.69,1,1
2091,34,11240,7.55,3.34,0,1
13313,92,7818,2.25,5.11,0,1
10578,28,5463,8.86,5.98,1,1
7295,72,9025,8.84,9.48,1,1
8798,95,8813,7.52,2.44,1,1
4064,67,8287,5.63,8.63,0,1
8602,30,8152,7.44,9.87,0,1
8020,45,9659,4.86,4.14,1,1
8734,82,73,8.28,9.12,1,1
1088,84,1887,8.18,4.32,0,0
1174,79,7643,2.82,8.39,1,1
2658,49,5922,4.2,5.68,1,0
7988,83,9011,4.42,6.78,0,1
13955,61,10962,4.6,3.89,0,1
8262,83,9170,6.32,7.5,1,1
8844,76,3763,1.85,3.19,0,1
7463,88,7131,7.11,6.48,1,1
2278,98,10392,3.21,5.95,0,1
13395,80,5956,5.04,8.7,1,1
7919,95,5057,5.33,5.85,0,0
1200,52,4588,4.46,8.28,0,0
317,48,2301,4.76,5.2,0,0
2502,78,1593,3.03,4.46,0,0
2829,94,7675,2.08,8.3,0,1
3236,93,4833,6.19,5.35,0,0
9666,48,1623,6.56,5.97,0,1
7802,71,9457,2.74,6.62,1,1
10716,64,8889,3.46,8.56,0,1
4345,91,8061,3.93,6.65,0,1
11754,51,425,8.56,5.25,0,1
7519,49,1440,2.8,3.28,1,1
8757,42,5403,6.19,7.62,0,1
2953,26,2111,6.33,9.07,1,0
6825,70,208,4.42,2.87,0,1
9657,83,3020,4.48,5.73,1,1
13144,46,56,9.65,9.48,0,1
6509,42,5274,6.2,6.51,0,0
2806,81,9192,7.05,6.36,1,1
11997,58,2494,5.67,2.51,0,1
14028,68,10805,7.0,6.28,1,1
4946,27,6550,6.64,7.24,1,0
12650,51,8432,2.73,3.17,0,1
105,51,4262,4.34,9.65,0,0
4132,77,9108,5.41,3.57,0,1
7280,80,1210,2.59,7.39,1,1
13456,32,7723,4.59,4.19,1,1
5278,87,5225,3.44,2.87,0,1
14954,56,5651,8.7,4.09,1,1
6356,71,3950,4.4,4.67,1,0
8121,95,429,3.43,5.72,0,1
8995,94,1611,4.97,3.87,0,1
11689,80,5413,7.31,7.82,1,1
4433,99,4564,2.06,8.46,1,1
13058,40,8151,3.04,8.33,0,1
8405,39,10367,7.4,7.73,0,1
10333,81,7738,7.89,4.16,1,1
11428,26,5249,6.75,3.68,0,1
12909,43,6440,8.97,2.87,0,1
4944,87,1445,2.93,5.17,0,1
2843,70,1722,7.48,2.7,0,1
6472,90,10631,9.3,7.24,1,1
6684,77,3352,2.78,9.6,0,1
13954,53,152,3.57,8.05,0,1
1763,63,2026,6.15,2.94,0,1
6541,45,7799,4.43,2.16,0,1
13737,76,2259,7.37,4.68,1,1
11556,84,11514,1.99,9.94,1,1
6884,89,5545,2.87,4.5,1,1
13480,39,350,7.59,7.9,0,1
5138,77,9632,9.75,7.73,0,1
4321,69,4750,9.4,6.58,0,0
7078,41,4430,9.16,4.94,1,0
8511,89,11940,2.59,3.67,0,1
2547,55,11288,2.74,9.84,1,1
1582,35,6687,2.11,2.53,1,1
7528,70,1180,6.11,3.89,0,0
14553,84,4860,9.0,4.47,0,1
5095,67,5964,6.02,9.28,0,0
4208,89,6972,8.14,7.71,0,0
2559,30,9787,3.1,4.12,0,1
14693,80,11080,8.84,3.32,0,1
10754,67,10383,3.09,9.04,0,1
10012,45,7717,1.97,8.35,0,1
11982,93,7559,5.08,2.31,1,1
8907,43,10225,6.22,9.03,1,1
7610,74,722,9.75,6.7,1,0
9898,40,7078,2.28,5.66,0,1
4890,42,1212,3.83,7.39,1,0
12520,86,11128,2.39,2.32,1,1
7061,32,2148,4.82,4.64,0,0
1594,89,828,3.96,2.7,0,1
12159,80,6226,5.86,7.47,1,1
13712,27,3413,4.46,5.18,0,1
6108,29,8644,9.39,5.83,0,1
3621,41,3879,8.21,4.32,0,0
7145,93,1257,8.82,8.31,0,0
13549,55,1471,2.6,2.37,0,1
14824,77,5046,6.39,4.25,0,1
5354,61,3752,3.33,6.72,1,0
1803,84,9289,8.88,8.32,1,1
6038,56,5828,1.63,6.81,0,1
2566,60,1003,2.4,7.84,1,1
10336,57,8216,4.7,2.19,1,1
3726,75,4889,4.92,4.04,1,0
2148,76,1057,3.86,2.34,1,1
4439,30,6162,2.32,6.0,1,1
2251,58,8526,2.51,9.91,0,1
12195,25,2686,4.2,2.11,0,1
11967,34,4910,9.58,5.53,0,1
379,56,3278,3.26,2.04,1,1
2592,60,6407,7.85,6.9,0,0
7790,85,7139,3.69,3.47,0,1
10075,63,10748,1.82,7.7,1,1
6833,36,2952,1.64,3.28,1,1
11238,69,8230,2.8,8.63,0,1
6010,68,2609,5.43,3.65,1,0
6272,32,886,7.93,4.82,1,0
3734,87,2062,7.69,3.84,1,0
5217,81,6929,4.5,8.46,0,0
11718,77,9773,5.57,5.92,0,1
9892,49,6521,8.42,8.99,1,1
7058,68,6841,8.63,3.04,1,1
2843,76,9580,4.22,5.99,1,1
11749,35,6263,1.54,8.21,0,1
12852,74,10741,1.9,9.85,0,1
9830,43,11256,7.77,7.39,1,1
9714,35,3031,3.82,3.46,0,1
4830,86,3226,5.59,8.08,1,0
11641,64,6769,3.13,2.6,1,1
818,31,11391,8.7,8.1,0,1
814,32,2071,5.78,8.62,0,0
519,37,6437,5.98,6.47,1,0
13781,25,5162,3.95,5.94,1,1
12560,28,8557,5.85,9.49,0,1
10983,76,11865,1.52,2.0,1,1
1693,40,10720,3.86,2.08,0,1
9099,92,5010,4.46,4.02,0,1
5565,84,4775,3.91,6.05,1,0
8187,91,9767,2.23,6.32,1,1
9210,40,10602,5.94,4.97,1,1
9998,86,6768,8.2,4.34,0,1
14696,89,10542,9.51,3.62,1,1
11806,44,5909,5.73,8.4,1,1
5256,69,4419,6.55,4.53,0,0
14504,86,2121,3.97,5.94,0,1
944,46,5348,2.77,8.49,0,1
13719,25,199,2.62,6.9,1,1
6594,88,6176,7.73,5.27,0,0
732,26,3340,7.74,3.42,1,1
8896,85,6081,3.02,5.18,0,1
2791,47,6791,5.02,5.88,1,0
11404,39,8932,6.55,9.92,1,1
4753,49,5088,2.56,4.27,1,1
13050,71,10772,8.18,3.33,1,1
8609,57,11651,6.77,3.76,1,1
12810,95,4693,6.73,3.69,0,1
7196,79,1118,7.46,2.61,0,1
14313,49,9635,9.89,4.92,1,1
13259,60,7953,6.28,4.28,1,1
7045,82,11025,8.85,9.1,0,1
10885,56,7607,5.06,8.24,1,1
7033,64,8875,7.06,2.87,0,1
42,39,4788,9.36,8.8,0,0
9814,73,9823,7.15,2.88,0,1
8116,38,4377,4.08,7.76,1,1
10041,44,4199,6.77,6.58,0,1
312,40,3997,4.49,2.69,0,1
6734,66,4787,4.24,9.24,0,0
8023,60,5187,6.69,9.0,0,1
8186,50,7343,2.86,8.75,0,1
373,76,7672,5.64,4.96,0,1
721,59,8596,9.54,3.78,1,1
7880,47,1223,4.76,9.98,0,0
5936,58,463,3.11,8.54,0,0
6645,86,11671,5.49,2.34,1,1
5516,32,7282,8.65,4.99,1,1
8345,57,4408,8.66,8.5,0,1
8525,28,11401,8.54,6.23,0,1
11024,92,6190,1.6,3.98,0,1
5380,82,4929,3.77,8.34,1,0
4056,71,11125,10.0,4.09,1,1
9078,46,7358,2.52,2.0,0,1
4763,83,10005,5.67,3.85,0,1
2994,89,1805,8.22,9.95,1,0
2884,65,8598,2.54,7.25,1,1
9859,87,5915,7.13,3.77,0,1
1722,87,8601,5.65,7.49,0,1
11788,72,10103,3.15,7.5,0,1
13442,52,2449,8.97,7.13,0,1
11084,96,8675,3.04,2.56,1,1
10592,67,1696,6.93,3.94,0,1
1888,39,2269,7.8,8.97,1,0
9615,76,1640,6.28,7.88,0,1
12644,43,4366,6.85,3.34,0,1
4602,35,5077,2.51,4.39,1,1
5004,60,6041,4.12,6.5,1,0
2962,74,3056,6.49,8.61,0,0
1182,29,5564,4.86,3.6,0,0
12219,30,1363,7.14,2.81,0,1
3717,54,10692,8.74,5.05,0,1
8336,78,2777,3.12,9.3,1,1
1887,97,7661,9.18,4.08,0,1
13920,54,7225,4.76,2.87,1,1
9148,63,3007,9.52,2.45,1,1
3820,79,7820,6.75,4.81,0,1
10527,67,7186,8.22,2.3,0,1
5867,89,11107,5.88,6.66,0,1
12899,93,9162,6.01,7.38,1,1
9516,69,11943,4.28,5.68,0,1
11032,98,2323,2.6,7.93,0,1
5967,75,8841,4.76,6.01,1,1
9107,75,6471,3.33,7.62,0,1
8013,60,10933,1.78,3.85,1,1
10244,97,6376,3.84,7.96,1,1
2599,40,9794,3.03,6.01,1,1
2172,64,7963,8.94,7.64,0,1
10402,27,1496,2.19,5.57,1,1
4138,60,258,3.06,6.05,1,0
3918,40,8135,7.48,2.33,0,1
10962,40,8334,9.31,5.91,1,1
3110,91,269,3.64,3.14,1,1
8570,59,6497,1.68,3.14,0,1
11952,43,9853,9.66,5.47,1,1
12410,99,4690,7.3,6.61,1,1
5841,43,7062,4.14,4.74,1,1
3845,50,2109,5.52,3.28,1,1
5626,42,10745,6.59,7.93,1,1
3302,74,10193,4.68,9.7,0,1
10459,62,10379,8.93,7.87,1,1
6645,45,6060,7.67,2.62,1,1
7560,65,3970,9.61,8.73,1,0
8488,77,6659,4.48,2.54,1,1
4293,48,3837,9.47,5.49,0,0
14853,43,5740,5.57,9.43,0,1
6151,76,4187,6.96,4.11,0,0
1486,57,614,7.76,3.02,1,1
2853,62,6429,8.38,8.1,1,0
9065,55,6455,4.87,9.43,0,1
8526,65,7453,5.31,4.61,1,1
7713,75,10273,8.45,3.86,1,1
10779,98,10793,7.6,3.46,1,1
12979,93,4459,9.5,9.71,1,1
3102,40,4929,9.83,6.61,0,0
9131,88,2153,3.02,8.88,1,1
174,89,2225,3.44,4.47,1,0
1033,45,11289,7.59,2.45,1,1
13123,79,8112,7.85,5.63,0,1
3843,48,6125,6.63,3.66,1,0
5059,31,8704,8.96,6.15,0,1
4918,49,775,3.64,6.3,1,0
11617,25,6421,4.39,4.35,1,1
1983,73,1551,5.7,4.46,1,0
9443,53,2679,4.18,2.19,1,1
9808,26,8016,6.14,5.36,0,1
3356,98,3575,7.3,4.59,0,0
8869,46,160,3.37,6.96,0,1
1472,25,1864,5.63,8.88,0,0
5541,57,4776,9.94,5.94,1,0
5085,65,1688,4.26,2.66,1,1
402,55,8131,1.8,9.47,1,1
6478,78,6962,8.45,8.47,1,0
5479,58,9652,5.78,4.92,1,1
8646,47,10527,1.95,4.65,1,1
3036,28,8449,9.07,9.5,0,1
5172,59,5098,4.94,5.0,0,0
6538,74,5535,9.4,7.09,1,0
12192,95,3602,4.92,9.88,0,1
10030,62,9922,2.15,2.29,1,1
8255,58,3855,3.59,4.52,0,1
7901,37,4710,4.48,3.85,0,0
658,62,10923,7.88,9.38,1,1
11172,90,9383,3.07,6.41,1,1
10397,31,7444,5.16,2.43,1,1
5624,28,7809,8.92,8.04,1,1
5159,57,6272,6.04,7.47,0,0
11036,69,6317,2.38,7.3,1,1
1590,54,11505,1.71,9.65,1,1
10269,71,2559,7.5,9.0,1,1
1207,92,4509,9.82,8.03,0,0
13671,91,2668,8.17,3.78,0,1
14682,53,6264,8.0,3.1,1,1
12187,82,6298,7.24,3.77,0,1
5052,68,11911,8.26,3.64,0,1
10090,45,3252,1.84,6.54,1,1
5516,77,7804,3.75,7.3,1,1
11409,56,8725,7.41,6.22,1,1
71,50,5203,8.87,2.45,1,1
9819,88,1359,7.23,4.91,0,1
9095,77,8638,3.0,9.74,1,1
3452,84,10053,9.46,7.56,0,1
467,42,8702,9.18,4.96,1,1
12472,47,2824,2.24,7.37,1,1
7731,79,9672,3.14,4.12,0,1
11168,38,1003,3.84,2.62,0,1
13004,55,10875,7.78,6.22,0,1
5694,48,10847,8.8,4.32,1,1
11366,75,3033,6.42,5.85,1,1
12467,46,10316,3.2,9.22,0,1
1632,96,1096,5.03,7.21,0,0
10782,28,1722,2.67,7.79,0,1
3222,48,10052,9.3,2.82,1,1
10501,37,1489,8.0,5.84,0,1
5595,32,6079,5.84,5.23,0,0
4191,77,6949,5.36,7.17,1,0
11625,55,7215,2.33,4.3,1,1
3478,51,947,4.21,5.06,0,0
7884,33,11974,2.53,9.85,0,1
11380,98,2816,8.15,2.92,0,1
1389,64,1943,6.13,3.6,0,0
3094,81,2281,3.43,3.91,1,0
5094,85,2454,3.41,7.57,0,0
14738,50,10839,3.71,7.71,0,1
10461,90,4616,4.13,8.28,1,1
5405,52,11522,4.8,5.05,0,1
12306,43,7570,4.03,8.82,1,1
52,26,8323,7.28,7.58,1,1
12410,59,8677,1.8,7.71,0,1
3615,27,4466,4.29,8.58,0,0
11569,42,6286,7.83,7.03,0,1
8930,36,6851,9.51,5.38,0,1
1491,78,10274,8.32,2.25,0,1
8569,84,8128,3.55,6.76,1,1
14045,36,2026,3.48,6.51,1,1
10413,28,2476,3.12,6.81,0,1
10987,25,2602,9.0,4.58,0,1
13235,76,1698,3.52,6.44,1,1
4438,57,2476,7.94,3.37,0,1
9904,30,10819,3.72,7.2,1,1
8604,36,1194,1.78,2.57,1,1
7891,94,10646,7.73,9.0,0,1
4891,34,11945,7.67,3.73,1,1
10027,71,9412,2.26,4.35,0,1
10387,99,11372,4.28,9.08,1,1
5711,57,11129,9.56,9.07,1,1
9030,63,9385,2.89,8.69,1,1
4440,67,4263,2.24,4.62,1,1
1018,88,1744,6.55,9.22,0,0
4310,48,7418,9.41,8.17,0,1
1547,65,835,2.64,7.26,1,1
5349,88,10749,5.86,9.2,0,1
9665,88,5602,7.31,8.27,0,1
14941,56,7693,2.96,5.4,1,1
271,43,10777,1.6,4.59,1,1
14003,65,7206,9.05,5.15,0,1
10070,30,11979,1.8,2.49,1,1
7725,99,2035,3.69,4.91,1,0
6515,65,5893,7.04,4.82,1,0
3519,50,7410,3.93,8.92,1,1
11926,93,6517,1.58,9.11,1,1
1133,74,7772,6.39,9.7,1,1
1639,71,7975,4.12,4.63,0,1
11730,38,8265,2.79,7.55,0,1
12456,46,14,9.76,7.06,0,1
4780,74,6191,2.9,3.94,1,1
14224,76,5703,7.68,8.96,1,1
14609,39,4225,9.07,3.71,1,1
2923,55,6561,8.8,7.98,1,0
2648,35,4294,3.07,3.16,1,1
1254,29,1767,3.51,2.85,0,1
3968,32,915,1.66,7.76,1,1
4336,79,10609,9.42,6.21,1,1
3425,84,609,9.04,5.54,1,0
1106,66,2799,6.56,8.23,1,0
8055,60,5223,2.43,4.87,0,1
9159,81,866,2.98,8.83,1,1
10740,38,7221,6.4,9.7,0,1
8206,36,1349,3.64,9.83,1,1
12964,77,8084,4.05,4.22,0,1
9120,91,2467,2.95,5.32,1,1
9089,46,3110,3.11,7.8,1,1
1368,59,1585,5.44,9.16,1,0
14837,86,10961,5.83,7.69,0,1
9238,85,1210,5.85,8.07,1,1
3874,99,4632,9.98,9.07,0,0
7006,33,4831,2.6,4.94,1,1
6677,52,4118,7.93,6.34,0,0
2244,50,1645,8.25,6.28,1,0
11203,61,8865,6.47,7.18,0,1
3760,39,6046,5.43,9.16,1,0
7286,28,11607,9.09,6.81,0,1
9362,97,9831,8.54,9.76,1,1
3425,68,4259,1.93,7.86,0,1
11915,33,5805,9.69,5.32,1,1
8843,80,4031,1.56,6.65,1,1
12665,42,10504,6.37,9.38,1,1
13748,85,681,6.37,6.95,1,1
13132,57,10986,8.59,7.68,0,1
4676,52,3214,4.77,7.29,1,0
10413,77,6379,2.27,4.69,1,1
7360,75,8680,6.44,3.63,0,1
13401,51,7230,1.71,5.26,0,1
12840,62,8093,4.58,3.21,1,1
4871,49,670,9.88,8.61,1,0
775,81,4773,8.88,7.68,1,0
12534,65,11873,2.8,5.21,1,1
5409,77,621,8.29,3.37,0,1
13882,63,295,8.39,9.01,1,1
8455,44,6198,9.39,7.11,1,1
8354,69,5754,3.41,9.97,1,1
2180,45,8644,5.74,2.81,0,1
10173,88,4716,8.53,3.96,1,1
8310,46,8827,7.17,2.67,0,1
11442,90,2792,6.55,7.96,1,1
14924,93,5271,7.04,3.28,0,1
10669,43,2129,3.53,9.05,0,1
2302,93,1895,1.72,5.93,1,1
13664,41,1617,7.76,6.21,0,1
12181,84,4573,4.28,2.34,0,1
114,81,6030,4.7,6.91,0,0
11645,69,1376,6.71,3.82,1,1
12380,60,10967,7.09,3.71,1,1
8924,64,11641,3.22,9.16,1,1
10991,86,9319,8.52,9.1,0,1
8857,57,896,4.73,2.04,1,1
3561,92,677,6.87,8.66,1,0
4343,78,3266,9.71,9.22,1,0
5121,87,6632,6.3,6.1,0,0
8461,33,8362,4.55,7.25,0,1
4212,59,9789,6.76,8.14,0,1
9254,58,786,5.77,7.48,1,1
10453,50,7762,5.35,5.67,0,1
8603,92,6110,7.72,6.59,0,1
7846,26,1479,9.36,6.59,0,0
13268,33,5958,5.57,8.74,0,1
11425,52,4064,2.25,3.92,1,1
7937,54,241,6.34,8.06,0,0
9214,35,11061,3.58,8.5,1,1
1439,86,8567,1.84,8.38,0,1
245,41,7594,8.2,8.46,0,1
12401,99,4392,3.82,8.63,0,1
7794,25,3045,8.11,5.34,0,0
10534,55,1816,5.65,6.94,1,1
6172,28,11432,4.2,8.04,0,1
14027,89,4680,4.17,8.16,1,1
7794,63,7071,1.86,9.67,1,1
11107,92,6404,6.04,9.8,0,1
13343,55,6173,8.5,6.52,1,1
4162,46,8099,2.21,5.73,0,1
10144,51,8495,2.42,8.68,1,1
12106,35,3328,6.0,3.76,0,1
928,94,10739,7.11,8.13,1,1
5120,58,1871,7.41,3.54,0,0
9582,61,4743,4.16,6.73,1,1
3912,34,2484,1.82,6.85,0,1
13739,25,6168,5.02,5.53,1,1
2412,80,8533,3.42,8.92,0,1
12056,94,4443,1.51,6.35,1,1
6288,35,4723,7.33,5.94,0,0
381,28,1867,9.59,5.35,0,0
10464,64,9041,4.82,2.5,0,1
13609,62,4541,4.05,4.9,0,1
10392,41,1320,6.21,2.74,1,1
4373,50,7195,8.74,6.53,0,1
10233,71,9644,8.26,7.12,0,1
5019,32,6903,7.32,8.14,1,0
10286,68,8064,5.17,7.06,1,1
10531,25,8768,7.37,3.5,1,1
7486,81,3319,3.34,8.0,0,0
6212,39,2906,3.91,6.39,1,0
7486,80,1425,8.11,2.82,1,1
12157,80,6362,9.4,2.2,0,1
1568,77,888,3.12,4.39,1,0
12537,78,9719,4.02,7.52,0,1
7213,85,7263,1.55,9.46,0,1
4454,25,549,5.17,9.73,1,0
10611,39,3528,3.29,8.12,0,1
2986,85,979,6.95,4.35,1,0
12345,91,5999,7.53,6.98,0,1
9881,64,10193,2.51,3.85,0,1
2848,96,6311,2.2,8.01,0,1
4456,32,8006,9.2,3.33,0,1
14369,41,4570,4.81,8.05,1,1
4742,91,8990,6.03,8.95,1,1
12481,86,1481,9.69,6.16,1,1
1567,94,5311,7.95,2.53,1,1
6535,75,1754,4.27,5.59,0,0
13563,83,6448,2.23,8.7,1,1
12429,39,11308,6.06,3.44,1,1
7295,37,11742,4.36,2.31,1,1
5507,36,2747,1.68,7.86,1,1
2460,59,10842,8.05,6.5,0,1
1679,31,5548,4.77,2.34,1,1
11037,94,8565,6.36,9.88,1,1
5698,69,6101,7.92,6.55,0,0
1775,95,7984,9.5,6.68,0,1
61,97,3089,6.7,8.32,1,0
3795,37,3120,4.18,9.22,1,0
7264,71,6918,2.44,2.49,0,1
9786,32,204,2.13,4.79,0,1
5074,54,4858,4.22,3.6,0,0
4840,85,5826,7.12,5.72,1,0
13818,98,9459,7.41,2.73,1,1
13218,71,4259,3.27,2.54,0,1
798,72,9388,2.2,4.41,1,1
6329,98,9954,4.1,9.23,1,1
10336,70,5632,6.15,9.8,1,1
7089,61,8821,7.91,8.11,0,1
3580,64,379,6.0,2.01,1,1
13102,62,2214,3.94,7.88,0,1
8531,31,4242,6.81,2.18,0,1
6953,68,4605,3.75,3.35,1,1
14612,83,6655,7.05,2.08,0,1
504,26,3445,8.66,3.19,1,1
7208,54,5412,6.93,7.5,0,0
10104,73,816,6.31,7.62,0,1
7678,80,1411,4.11,4.97,1,0
11374,70,11187,8.95,7.85,1,1
13746,33,4213,9.9,8.78,0,1
11766,59,7411,8.11,3.04,1,1
14468,54,3684,6.38,2.7,1,1
12553,25,499,2.7,4.98,1,1
10624,44,10672,4.18,5.23,0,1
13530,29,6787,4.62,4.21,1,1
4501,96,6488,3.98,8.03,1,0
1531,26,1808,5.29,4.57,1,0
11338,33,3093,6.69,8.4,1,1
3221,51,10352,3.31,9.29,0,1
10657,65,9761,3.62,6.11,1,1
3959,57,5407,2.45,5.44,1,1
13478,95,8004,4.11,2.73,1,1
3877,32,5286,5.73,4.19,1,0
11819,63,1607,5.66,9.09,1,1
3175,54,6245,9.96,3.97,1,0
12833,28,7365,9.84,6.97,1,1
13407,99,11878,5.21,5.96,1,1
1449,75,4091,9.76,2.75,1,1
14535,41,5685,3.32,9.19,1,1
69,74,9828,6.1,2.54,0,1
10950,67,7904,5.35,7.45,1,1
14359,95,7038,9.72,9.78,1,1
14038,33,10513,8.61,7.67,1,1
2154,56,2269,3.32,4.61,1,0
7207,50,10446,5.24,2.59,0,1
8223,59,7741,2.93,6.64,1,1
3365,79,4922,6.0,7.87,0,0
2086,95,5279,8.24,4.87,1,0
6328,30,3102,1.8,7.23,0,1
10140,88,6832,3.13,6.53,0,1
13732,49,5662,9.81,2.27,1,1
14914,71,9824,9.67,9.37,1,1
12042,45,7904,6.23,5.04,1,1
1492,47,2324,6.99,5.04,0,0
7184,25,390,3.81,8.77,1,0
6942,94,8310,9.59,5.87,1,1
3580,47,8010,7.19,5.61,0,1
8142,52,4131,7.17,7.12,1,1
11116,50,4004,1.59,3.69,1,1
699,89,2633,8.75,6.23,1,0
3637,70,5575,8.12,7.35,1,0
8313,63,583,7.32,6.31,0,1
752,82,8675,7.8,7.67,1,1
13555,77,707,2.83,6.79,0,1
6006,77,3889,7.61,8.73,1,0
6085,57,10301,2.32,9.03,1,1
11057,94,8018,7.51,2.78,1,1
8650,30,7394,1.52,4.07,0,1
13163,58,3539,8.1,2.44,1,1
12974,89,3541,5.68,3.83,1,1
2203,78,6871,3.24,7.77,0,0
8865,78,4608,7.7,2.63,0,1
7748,78,7295,4.18,3.24,0,1
2599,37,5909,9.01,8.17,1,0
13216,58,917,3.03,5.55,1,1
13295,76,10279,9.48,4.32,0,1
10081,80,7244,9.75,7.15,0,1
7047,79,11385,4.09,9.1,1,1
6689,37,9020,8.83,2.3,0,1
13070,35,11138,8.66,7.54,1,1
77,96,8360,5.11,7.35,1,1
6059,54,11750,4.59,8.94,1,1
7229,37,9082,3.9,3.57,1,1
6997,88,2125,9.94,7.7,1,0
4644,32,1323,3.67,2.83,1,1
780,95,6210,9.33,2.45,1,1
13818,88,590,5.14,7.45,1,1
2485,89,1493,9.45,2.18,1,1
10102,69,2297,8.63,2.35,0,1
1306,94,5098,2.82,2.3,1,1
6994,59,4005,6.38,5.72,0,0
10213,39,9341,7.22,8.06,0,1
11002,84,1677,4.95,9.94,0,1
3967,58,5741,1.54,3.81,0,1
483,49,11732,4.27,8.34,1,1
3596,28,5934,8.63,8.36,0,0
1769,66,3947,2.03,8.98,0,1
13155,55,3673,2.4,4.51,0,1
8933,47,4918,7.47,3.06,0,1
7553,78,3355,5.87,8.37,0,0
9708,61,7581,5.73,6.54,1,1
6825,31,688,4.68,5.32,0,0
13931,63,2191,6.63,2.47,0,1
1591,56,7881,8.74,2.05,0,1
14903,87,7197,3.85,4.53,1,1
11712,72,8115,8.68,4.17,1,1
13967,87,7729,5.04,5.81,0,1
3548,59,4672,5.76,9.39,1,0
11560,96,6797,7.7,5.33,0,1
